
<annotation>
    <folder>images</folder>
    <filename>sheep87.png</filename>
    <size>
        <width>259</width>
        <height>194</height>
        <depth>3</depth>
    </size>
    <segmented>0</segmented>
    <object>
        <name>sheep</name>
        <pose>Unspecified</pose>
        <truncated>0</truncated>
        <occluded>0</occluded>
        <difficult>0</difficult>
        <bndbox>
            <xmin>43</xmin>
            <ymin>24</ymin>
            <xmax>221</xmax>
            <ymax>168</ymax>
        </bndbox>
    </object>
</annotation>