
<annotation>
    <folder>images</folder>
    <filename>sheep177.png</filename>
    <size>
        <width>400</width>
        <height>239</height>
        <depth>3</depth>
    </size>
    <segmented>0</segmented>
    <object>
        <name>sheep</name>
        <pose>Unspecified</pose>
        <truncated>0</truncated>
        <occluded>0</occluded>
        <difficult>0</difficult>
        <bndbox>
            <xmin>85</xmin>
            <ymin>75</ymin>
            <xmax>225</xmax>
            <ymax>204</ymax>
        </bndbox>
    </object>
    <object>
        <name>sheep</name>
        <pose>Unspecified</pose>
        <truncated>0</truncated>
        <occluded>0</occluded>
        <difficult>0</difficult>
        <bndbox>
            <xmin>199</xmin>
            <ymin>65</ymin>
            <xmax>290</xmax>
            <ymax>196</ymax>
        </bndbox>
    </object>
</annotation>