
<annotation>
    <folder>images</folder>
    <filename>sheep171.png</filename>
    <size>
        <width>400</width>
        <height>300</height>
        <depth>3</depth>
    </size>
    <segmented>0</segmented>
    <object>
        <name>sheep</name>
        <pose>Unspecified</pose>
        <truncated>0</truncated>
        <occluded>0</occluded>
        <difficult>0</difficult>
        <bndbox>
            <xmin>236</xmin>
            <ymin>43</ymin>
            <xmax>382</xmax>
            <ymax>227</ymax>
        </bndbox>
    </object>
    <object>
        <name>sheep</name>
        <pose>Unspecified</pose>
        <truncated>0</truncated>
        <occluded>0</occluded>
        <difficult>0</difficult>
        <bndbox>
            <xmin>18</xmin>
            <ymin>111</ymin>
            <xmax>285</xmax>
            <ymax>280</ymax>
        </bndbox>
    </object>
</annotation>