
<annotation>
    <folder>images</folder>
    <filename>sheep97.png</filename>
    <size>
        <width>297</width>
        <height>170</height>
        <depth>3</depth>
    </size>
    <segmented>0</segmented>
    <object>
        <name>sheep</name>
        <pose>Unspecified</pose>
        <truncated>0</truncated>
        <occluded>0</occluded>
        <difficult>0</difficult>
        <bndbox>
            <xmin>93</xmin>
            <ymin>37</ymin>
            <xmax>255</xmax>
            <ymax>154</ymax>
        </bndbox>
    </object>
</annotation>