
<annotation>
    <folder>images</folder>
    <filename>sheep184.png</filename>
    <size>
        <width>400</width>
        <height>200</height>
        <depth>3</depth>
    </size>
    <segmented>0</segmented>
    <object>
        <name>sheep</name>
        <pose>Unspecified</pose>
        <truncated>0</truncated>
        <occluded>0</occluded>
        <difficult>0</difficult>
        <bndbox>
            <xmin>61</xmin>
            <ymin>65</ymin>
            <xmax>192</xmax>
            <ymax>200</ymax>
        </bndbox>
    </object>
    <object>
        <name>sheep</name>
        <pose>Unspecified</pose>
        <truncated>0</truncated>
        <occluded>0</occluded>
        <difficult>0</difficult>
        <bndbox>
            <xmin>185</xmin>
            <ymin>0</ymin>
            <xmax>342</xmax>
            <ymax>200</ymax>
        </bndbox>
    </object>
</annotation>