
<annotation>
    <folder>images</folder>
    <filename>sheep104.png</filename>
    <size>
        <width>259</width>
        <height>194</height>
        <depth>3</depth>
    </size>
    <segmented>0</segmented>
    <object>
        <name>sheep</name>
        <pose>Unspecified</pose>
        <truncated>0</truncated>
        <occluded>0</occluded>
        <difficult>0</difficult>
        <bndbox>
            <xmin>41</xmin>
            <ymin>27</ymin>
            <xmax>229</xmax>
            <ymax>176</ymax>
        </bndbox>
    </object>
</annotation>