
<annotation>
    <folder>images</folder>
    <filename>sheep129.png</filename>
    <size>
        <width>256</width>
        <height>197</height>
        <depth>3</depth>
    </size>
    <segmented>0</segmented>
    <object>
        <name>sheep</name>
        <pose>Unspecified</pose>
        <truncated>0</truncated>
        <occluded>0</occluded>
        <difficult>0</difficult>
        <bndbox>
            <xmin>9</xmin>
            <ymin>14</ymin>
            <xmax>249</xmax>
            <ymax>184</ymax>
        </bndbox>
    </object>
</annotation>