
<annotation>
    <folder>images</folder>
    <filename>sheep143.png</filename>
    <size>
        <width>400</width>
        <height>180</height>
        <depth>3</depth>
    </size>
    <segmented>0</segmented>
    <object>
        <name>sheep</name>
        <pose>Unspecified</pose>
        <truncated>0</truncated>
        <occluded>0</occluded>
        <difficult>0</difficult>
        <bndbox>
            <xmin>26</xmin>
            <ymin>48</ymin>
            <xmax>319</xmax>
            <ymax>180</ymax>
        </bndbox>
    </object>
    <object>
        <name>sheep</name>
        <pose>Unspecified</pose>
        <truncated>0</truncated>
        <occluded>0</occluded>
        <difficult>0</difficult>
        <bndbox>
            <xmin>117</xmin>
            <ymin>8</ymin>
            <xmax>311</xmax>
            <ymax>127</ymax>
        </bndbox>
    </object>
</annotation>