
<annotation>
    <folder>images</folder>
    <filename>sheep44.png</filename>
    <size>
        <width>268</width>
        <height>400</height>
        <depth>3</depth>
    </size>
    <segmented>0</segmented>
    <object>
        <name>sheep</name>
        <pose>Unspecified</pose>
        <truncated>0</truncated>
        <occluded>0</occluded>
        <difficult>0</difficult>
        <bndbox>
            <xmin>28</xmin>
            <ymin>43</ymin>
            <xmax>242</xmax>
            <ymax>374</ymax>
        </bndbox>
    </object>
</annotation>