
<annotation>
    <folder>images</folder>
    <filename>sheep46.png</filename>
    <size>
        <width>358</width>
        <height>400</height>
        <depth>3</depth>
    </size>
    <segmented>0</segmented>
    <object>
        <name>sheep</name>
        <pose>Unspecified</pose>
        <truncated>0</truncated>
        <occluded>0</occluded>
        <difficult>0</difficult>
        <bndbox>
            <xmin>37</xmin>
            <ymin>68</ymin>
            <xmax>277</xmax>
            <ymax>391</ymax>
        </bndbox>
    </object>
</annotation>