
<annotation>
    <folder>images</folder>
    <filename>sheep77.png</filename>
    <size>
        <width>468</width>
        <height>251</height>
        <depth>3</depth>
    </size>
    <segmented>0</segmented>
    <object>
        <name>sheep</name>
        <pose>Unspecified</pose>
        <truncated>0</truncated>
        <occluded>0</occluded>
        <difficult>0</difficult>
        <bndbox>
            <xmin>0</xmin>
            <ymin>0</ymin>
            <xmax>366</xmax>
            <ymax>251</ymax>
        </bndbox>
    </object>
    <object>
        <name>sheep</name>
        <pose>Unspecified</pose>
        <truncated>0</truncated>
        <occluded>0</occluded>
        <difficult>0</difficult>
        <bndbox>
            <xmin>325</xmin>
            <ymin>95</ymin>
            <xmax>465</xmax>
            <ymax>251</ymax>
        </bndbox>
    </object>
</annotation>