
<annotation>
    <folder>images</folder>
    <filename>sheep185.png</filename>
    <size>
        <width>276</width>
        <height>182</height>
        <depth>3</depth>
    </size>
    <segmented>0</segmented>
    <object>
        <name>sheep</name>
        <pose>Unspecified</pose>
        <truncated>0</truncated>
        <occluded>0</occluded>
        <difficult>0</difficult>
        <bndbox>
            <xmin>26</xmin>
            <ymin>56</ymin>
            <xmax>178</xmax>
            <ymax>159</ymax>
        </bndbox>
    </object>
</annotation>