
<annotation>
    <folder>images</folder>
    <filename>sheep28.png</filename>
    <size>
        <width>267</width>
        <height>400</height>
        <depth>3</depth>
    </size>
    <segmented>0</segmented>
    <object>
        <name>sheep</name>
        <pose>Unspecified</pose>
        <truncated>0</truncated>
        <occluded>0</occluded>
        <difficult>0</difficult>
        <bndbox>
            <xmin>33</xmin>
            <ymin>50</ymin>
            <xmax>238</xmax>
            <ymax>340</ymax>
        </bndbox>
    </object>
</annotation>