
<annotation>
    <folder>images</folder>
    <filename>sheep103.png</filename>
    <size>
        <width>500</width>
        <height>375</height>
        <depth>3</depth>
    </size>
    <segmented>0</segmented>
    <object>
        <name>sheep</name>
        <pose>Unspecified</pose>
        <truncated>0</truncated>
        <occluded>0</occluded>
        <difficult>0</difficult>
        <bndbox>
            <xmin>31</xmin>
            <ymin>69</ymin>
            <xmax>342</xmax>
            <ymax>376</ymax>
        </bndbox>
    </object>
</annotation>