
<annotation>
    <folder>images</folder>
    <filename>sheep137.png</filename>
    <size>
        <width>550</width>
        <height>354</height>
        <depth>3</depth>
    </size>
    <segmented>0</segmented>
    <object>
        <name>sheep</name>
        <pose>Unspecified</pose>
        <truncated>0</truncated>
        <occluded>0</occluded>
        <difficult>0</difficult>
        <bndbox>
            <xmin>255</xmin>
            <ymin>37</ymin>
            <xmax>480</xmax>
            <ymax>306</ymax>
        </bndbox>
    </object>
    <object>
        <name>sheep</name>
        <pose>Unspecified</pose>
        <truncated>0</truncated>
        <occluded>0</occluded>
        <difficult>0</difficult>
        <bndbox>
            <xmin>76</xmin>
            <ymin>151</ymin>
            <xmax>184</xmax>
            <ymax>323</ymax>
        </bndbox>
    </object>
    <object>
        <name>sheep</name>
        <pose>Unspecified</pose>
        <truncated>0</truncated>
        <occluded>0</occluded>
        <difficult>0</difficult>
        <bndbox>
            <xmin>197</xmin>
            <ymin>151</ymin>
            <xmax>284</xmax>
            <ymax>322</ymax>
        </bndbox>
    </object>
</annotation>