
<annotation>
    <folder>images</folder>
    <filename>sheep131.png</filename>
    <size>
        <width>400</width>
        <height>264</height>
        <depth>3</depth>
    </size>
    <segmented>0</segmented>
    <object>
        <name>sheep</name>
        <pose>Unspecified</pose>
        <truncated>0</truncated>
        <occluded>0</occluded>
        <difficult>0</difficult>
        <bndbox>
            <xmin>0</xmin>
            <ymin>0</ymin>
            <xmax>384</xmax>
            <ymax>263</ymax>
        </bndbox>
    </object>
</annotation>