
<annotation>
    <folder>images</folder>
    <filename>sheep3.png</filename>
    <size>
        <width>300</width>
        <height>400</height>
        <depth>3</depth>
    </size>
    <segmented>0</segmented>
    <object>
        <name>sheep</name>
        <pose>Unspecified</pose>
        <truncated>0</truncated>
        <occluded>0</occluded>
        <difficult>0</difficult>
        <bndbox>
            <xmin>50</xmin>
            <ymin>63</ymin>
            <xmax>266</xmax>
            <ymax>360</ymax>
        </bndbox>
    </object>
</annotation>