
<annotation>
    <folder>images</folder>
    <filename>sheep11.png</filename>
    <size>
        <width>450</width>
        <height>250</height>
        <depth>3</depth>
    </size>
    <segmented>0</segmented>
    <object>
        <name>sheep</name>
        <pose>Unspecified</pose>
        <truncated>0</truncated>
        <occluded>0</occluded>
        <difficult>0</difficult>
        <bndbox>
            <xmin>202</xmin>
            <ymin>89</ymin>
            <xmax>271</xmax>
            <ymax>185</ymax>
        </bndbox>
    </object>
    <object>
        <name>sheep</name>
        <pose>Unspecified</pose>
        <truncated>0</truncated>
        <occluded>0</occluded>
        <difficult>0</difficult>
        <bndbox>
            <xmin>286</xmin>
            <ymin>80</ymin>
            <xmax>396</xmax>
            <ymax>218</ymax>
        </bndbox>
    </object>
</annotation>