
<annotation>
    <folder>images</folder>
    <filename>sheep83.png</filename>
    <size>
        <width>400</width>
        <height>298</height>
        <depth>3</depth>
    </size>
    <segmented>0</segmented>
    <object>
        <name>sheep</name>
        <pose>Unspecified</pose>
        <truncated>0</truncated>
        <occluded>0</occluded>
        <difficult>0</difficult>
        <bndbox>
            <xmin>251</xmin>
            <ymin>106</ymin>
            <xmax>357</xmax>
            <ymax>266</ymax>
        </bndbox>
    </object>
    <object>
        <name>sheep</name>
        <pose>Unspecified</pose>
        <truncated>0</truncated>
        <occluded>0</occluded>
        <difficult>0</difficult>
        <bndbox>
            <xmin>97</xmin>
            <ymin>62</ymin>
            <xmax>252</xmax>
            <ymax>293</ymax>
        </bndbox>
    </object>
</annotation>