
<annotation>
    <folder>images</folder>
    <filename>sheep6.png</filename>
    <size>
        <width>500</width>
        <height>410</height>
        <depth>3</depth>
    </size>
    <segmented>0</segmented>
    <object>
        <name>sheep</name>
        <pose>Unspecified</pose>
        <truncated>0</truncated>
        <occluded>0</occluded>
        <difficult>0</difficult>
        <bndbox>
            <xmin>138</xmin>
            <ymin>43</ymin>
            <xmax>344</xmax>
            <ymax>398</ymax>
        </bndbox>
    </object>
</annotation>