
<annotation>
    <folder>images</folder>
    <filename>sheep106.png</filename>
    <size>
        <width>400</width>
        <height>397</height>
        <depth>3</depth>
    </size>
    <segmented>0</segmented>
    <object>
        <name>sheep</name>
        <pose>Unspecified</pose>
        <truncated>0</truncated>
        <occluded>0</occluded>
        <difficult>0</difficult>
        <bndbox>
            <xmin>123</xmin>
            <ymin>216</ymin>
            <xmax>231</xmax>
            <ymax>339</ymax>
        </bndbox>
    </object>
    <object>
        <name>sheep</name>
        <pose>Unspecified</pose>
        <truncated>0</truncated>
        <occluded>0</occluded>
        <difficult>0</difficult>
        <bndbox>
            <xmin>178</xmin>
            <ymin>34</ymin>
            <xmax>374</xmax>
            <ymax>320</ymax>
        </bndbox>
    </object>
</annotation>