
<annotation>
    <folder>images</folder>
    <filename>sheep58.png</filename>
    <size>
        <width>400</width>
        <height>293</height>
        <depth>3</depth>
    </size>
    <segmented>0</segmented>
    <object>
        <name>sheep</name>
        <pose>Unspecified</pose>
        <truncated>0</truncated>
        <occluded>0</occluded>
        <difficult>0</difficult>
        <bndbox>
            <xmin>83</xmin>
            <ymin>40</ymin>
            <xmax>379</xmax>
            <ymax>289</ymax>
        </bndbox>
    </object>
    <object>
        <name>sheep</name>
        <pose>Unspecified</pose>
        <truncated>0</truncated>
        <occluded>0</occluded>
        <difficult>0</difficult>
        <bndbox>
            <xmin>2</xmin>
            <ymin>61</ymin>
            <xmax>194</xmax>
            <ymax>277</ymax>
        </bndbox>
    </object>
</annotation>