
<annotation>
    <folder>images</folder>
    <filename>sheep63.png</filename>
    <size>
        <width>468</width>
        <height>285</height>
        <depth>3</depth>
    </size>
    <segmented>0</segmented>
    <object>
        <name>sheep</name>
        <pose>Unspecified</pose>
        <truncated>0</truncated>
        <occluded>0</occluded>
        <difficult>0</difficult>
        <bndbox>
            <xmin>253</xmin>
            <ymin>0</ymin>
            <xmax>376</xmax>
            <ymax>111</ymax>
        </bndbox>
    </object>
    <object>
        <name>sheep</name>
        <pose>Unspecified</pose>
        <truncated>0</truncated>
        <occluded>0</occluded>
        <difficult>0</difficult>
        <bndbox>
            <xmin>63</xmin>
            <ymin>21</ymin>
            <xmax>468</xmax>
            <ymax>285</ymax>
        </bndbox>
    </object>
</annotation>