
<annotation>
    <folder>images</folder>
    <filename>sheep142.png</filename>
    <size>
        <width>400</width>
        <height>267</height>
        <depth>3</depth>
    </size>
    <segmented>0</segmented>
    <object>
        <name>sheep</name>
        <pose>Unspecified</pose>
        <truncated>0</truncated>
        <occluded>0</occluded>
        <difficult>0</difficult>
        <bndbox>
            <xmin>154</xmin>
            <ymin>121</ymin>
            <xmax>238</xmax>
            <ymax>245</ymax>
        </bndbox>
    </object>
    <object>
        <name>sheep</name>
        <pose>Unspecified</pose>
        <truncated>0</truncated>
        <occluded>0</occluded>
        <difficult>0</difficult>
        <bndbox>
            <xmin>210</xmin>
            <ymin>61</ymin>
            <xmax>322</xmax>
            <ymax>245</ymax>
        </bndbox>
    </object>
</annotation>