
<annotation>
    <folder>images</folder>
    <filename>sheep98.png</filename>
    <size>
        <width>400</width>
        <height>141</height>
        <depth>3</depth>
    </size>
    <segmented>0</segmented>
    <object>
        <name>sheep</name>
        <pose>Unspecified</pose>
        <truncated>0</truncated>
        <occluded>0</occluded>
        <difficult>0</difficult>
        <bndbox>
            <xmin>186</xmin>
            <ymin>43</ymin>
            <xmax>316</xmax>
            <ymax>104</ymax>
        </bndbox>
    </object>
    <object>
        <name>sheep</name>
        <pose>Unspecified</pose>
        <truncated>0</truncated>
        <occluded>0</occluded>
        <difficult>0</difficult>
        <bndbox>
            <xmin>294</xmin>
            <ymin>63</ymin>
            <xmax>362</xmax>
            <ymax>107</ymax>
        </bndbox>
    </object>
    <object>
        <name>sheep</name>
        <pose>Unspecified</pose>
        <truncated>0</truncated>
        <occluded>0</occluded>
        <difficult>0</difficult>
        <bndbox>
            <xmin>65</xmin>
            <ymin>75</ymin>
            <xmax>179</xmax>
            <ymax>106</ymax>
        </bndbox>
    </object>
</annotation>