
<annotation>
    <folder>images</folder>
    <filename>sheep174.png</filename>
    <size>
        <width>330</width>
        <height>153</height>
        <depth>3</depth>
    </size>
    <segmented>0</segmented>
    <object>
        <name>sheep</name>
        <pose>Unspecified</pose>
        <truncated>0</truncated>
        <occluded>0</occluded>
        <difficult>0</difficult>
        <bndbox>
            <xmin>176</xmin>
            <ymin>48</ymin>
            <xmax>250</xmax>
            <ymax>115</ymax>
        </bndbox>
    </object>
    <object>
        <name>sheep</name>
        <pose>Unspecified</pose>
        <truncated>0</truncated>
        <occluded>0</occluded>
        <difficult>0</difficult>
        <bndbox>
            <xmin>105</xmin>
            <ymin>53</ymin>
            <xmax>178</xmax>
            <ymax>117</ymax>
        </bndbox>
    </object>
    <object>
        <name>sheep</name>
        <pose>Unspecified</pose>
        <truncated>0</truncated>
        <occluded>0</occluded>
        <difficult>0</difficult>
        <bndbox>
            <xmin>28</xmin>
            <ymin>53</ymin>
            <xmax>105</xmax>
            <ymax>116</ymax>
        </bndbox>
    </object>
    <object>
        <name>sheep</name>
        <pose>Unspecified</pose>
        <truncated>0</truncated>
        <occluded>0</occluded>
        <difficult>0</difficult>
        <bndbox>
            <xmin>227</xmin>
            <ymin>50</ymin>
            <xmax>308</xmax>
            <ymax>112</ymax>
        </bndbox>
    </object>
</annotation>