
<annotation>
    <folder>images</folder>
    <filename>sheep193.png</filename>
    <size>
        <width>400</width>
        <height>301</height>
        <depth>3</depth>
    </size>
    <segmented>0</segmented>
    <object>
        <name>sheep</name>
        <pose>Unspecified</pose>
        <truncated>0</truncated>
        <occluded>0</occluded>
        <difficult>0</difficult>
        <bndbox>
            <xmin>26</xmin>
            <ymin>27</ymin>
            <xmax>365</xmax>
            <ymax>241</ymax>
        </bndbox>
    </object>
</annotation>