
<annotation>
    <folder>images</folder>
    <filename>sheep19.png</filename>
    <size>
        <width>400</width>
        <height>266</height>
        <depth>3</depth>
    </size>
    <segmented>0</segmented>
    <object>
        <name>sheep</name>
        <pose>Unspecified</pose>
        <truncated>0</truncated>
        <occluded>0</occluded>
        <difficult>0</difficult>
        <bndbox>
            <xmin>54</xmin>
            <ymin>39</ymin>
            <xmax>248</xmax>
            <ymax>254</ymax>
        </bndbox>
    </object>
    <object>
        <name>sheep</name>
        <pose>Unspecified</pose>
        <truncated>0</truncated>
        <occluded>0</occluded>
        <difficult>0</difficult>
        <bndbox>
            <xmin>263</xmin>
            <ymin>6</ymin>
            <xmax>331</xmax>
            <ymax>114</ymax>
        </bndbox>
    </object>
</annotation>