
<annotation>
    <folder>images</folder>
    <filename>sheep69.png</filename>
    <size>
        <width>259</width>
        <height>194</height>
        <depth>3</depth>
    </size>
    <segmented>0</segmented>
    <object>
        <name>sheep</name>
        <pose>Unspecified</pose>
        <truncated>0</truncated>
        <occluded>0</occluded>
        <difficult>0</difficult>
        <bndbox>
            <xmin>83</xmin>
            <ymin>31</ymin>
            <xmax>216</xmax>
            <ymax>163</ymax>
        </bndbox>
    </object>
</annotation>