
<annotation>
    <folder>images</folder>
    <filename>sheep49.png</filename>
    <size>
        <width>400</width>
        <height>234</height>
        <depth>3</depth>
    </size>
    <segmented>0</segmented>
    <object>
        <name>sheep</name>
        <pose>Unspecified</pose>
        <truncated>0</truncated>
        <occluded>0</occluded>
        <difficult>0</difficult>
        <bndbox>
            <xmin>0</xmin>
            <ymin>4</ymin>
            <xmax>215</xmax>
            <ymax>232</ymax>
        </bndbox>
    </object>
    <object>
        <name>sheep</name>
        <pose>Unspecified</pose>
        <truncated>0</truncated>
        <occluded>0</occluded>
        <difficult>0</difficult>
        <bndbox>
            <xmin>188</xmin>
            <ymin>2</ymin>
            <xmax>400</xmax>
            <ymax>233</ymax>
        </bndbox>
    </object>
</annotation>