
<annotation>
    <folder>images</folder>
    <filename>sheep37.png</filename>
    <size>
        <width>400</width>
        <height>300</height>
        <depth>3</depth>
    </size>
    <segmented>0</segmented>
    <object>
        <name>sheep</name>
        <pose>Unspecified</pose>
        <truncated>0</truncated>
        <occluded>0</occluded>
        <difficult>0</difficult>
        <bndbox>
            <xmin>128</xmin>
            <ymin>47</ymin>
            <xmax>334</xmax>
            <ymax>242</ymax>
        </bndbox>
    </object>
</annotation>