
<annotation>
    <folder>images</folder>
    <filename>sheep105.png</filename>
    <size>
        <width>400</width>
        <height>257</height>
        <depth>3</depth>
    </size>
    <segmented>0</segmented>
    <object>
        <name>sheep</name>
        <pose>Unspecified</pose>
        <truncated>0</truncated>
        <occluded>0</occluded>
        <difficult>0</difficult>
        <bndbox>
            <xmin>75</xmin>
            <ymin>12</ymin>
            <xmax>343</xmax>
            <ymax>249</ymax>
        </bndbox>
    </object>
</annotation>