
<annotation>
    <folder>images</folder>
    <filename>sheep178.png</filename>
    <size>
        <width>480</width>
        <height>360</height>
        <depth>3</depth>
    </size>
    <segmented>0</segmented>
    <object>
        <name>sheep</name>
        <pose>Unspecified</pose>
        <truncated>0</truncated>
        <occluded>0</occluded>
        <difficult>0</difficult>
        <bndbox>
            <xmin>69</xmin>
            <ymin>158</ymin>
            <xmax>270</xmax>
            <ymax>303</ymax>
        </bndbox>
    </object>
    <object>
        <name>sheep</name>
        <pose>Unspecified</pose>
        <truncated>0</truncated>
        <occluded>0</occluded>
        <difficult>0</difficult>
        <bndbox>
            <xmin>311</xmin>
            <ymin>100</ymin>
            <xmax>474</xmax>
            <ymax>222</ymax>
        </bndbox>
    </object>
    <object>
        <name>sheep</name>
        <pose>Unspecified</pose>
        <truncated>0</truncated>
        <occluded>0</occluded>
        <difficult>0</difficult>
        <bndbox>
            <xmin>93</xmin>
            <ymin>77</ymin>
            <xmax>235</xmax>
            <ymax>180</ymax>
        </bndbox>
    </object>
</annotation>