
<annotation>
    <folder>images</folder>
    <filename>sheep32.png</filename>
    <size>
        <width>400</width>
        <height>266</height>
        <depth>3</depth>
    </size>
    <segmented>0</segmented>
    <object>
        <name>sheep</name>
        <pose>Unspecified</pose>
        <truncated>0</truncated>
        <occluded>0</occluded>
        <difficult>0</difficult>
        <bndbox>
            <xmin>181</xmin>
            <ymin>9</ymin>
            <xmax>297</xmax>
            <ymax>121</ymax>
        </bndbox>
    </object>
    <object>
        <name>sheep</name>
        <pose>Unspecified</pose>
        <truncated>0</truncated>
        <occluded>0</occluded>
        <difficult>0</difficult>
        <bndbox>
            <xmin>143</xmin>
            <ymin>90</ymin>
            <xmax>231</xmax>
            <ymax>230</ymax>
        </bndbox>
    </object>
</annotation>