
<annotation>
    <folder>images</folder>
    <filename>sheep135.png</filename>
    <size>
        <width>400</width>
        <height>245</height>
        <depth>3</depth>
    </size>
    <segmented>0</segmented>
    <object>
        <name>sheep</name>
        <pose>Unspecified</pose>
        <truncated>0</truncated>
        <occluded>0</occluded>
        <difficult>0</difficult>
        <bndbox>
            <xmin>101</xmin>
            <ymin>52</ymin>
            <xmax>349</xmax>
            <ymax>245</ymax>
        </bndbox>
    </object>
</annotation>