
<annotation>
    <folder>images</folder>
    <filename>sheep65.png</filename>
    <size>
        <width>400</width>
        <height>214</height>
        <depth>3</depth>
    </size>
    <segmented>0</segmented>
    <object>
        <name>sheep</name>
        <pose>Unspecified</pose>
        <truncated>0</truncated>
        <occluded>0</occluded>
        <difficult>0</difficult>
        <bndbox>
            <xmin>233</xmin>
            <ymin>51</ymin>
            <xmax>365</xmax>
            <ymax>182</ymax>
        </bndbox>
    </object>
    <object>
        <name>sheep</name>
        <pose>Unspecified</pose>
        <truncated>0</truncated>
        <occluded>0</occluded>
        <difficult>0</difficult>
        <bndbox>
            <xmin>41</xmin>
            <ymin>44</ymin>
            <xmax>121</xmax>
            <ymax>158</ymax>
        </bndbox>
    </object>
</annotation>