
<annotation>
    <folder>images</folder>
    <filename>sheep86.png</filename>
    <size>
        <width>600</width>
        <height>450</height>
        <depth>3</depth>
    </size>
    <segmented>0</segmented>
    <object>
        <name>sheep</name>
        <pose>Unspecified</pose>
        <truncated>0</truncated>
        <occluded>0</occluded>
        <difficult>0</difficult>
        <bndbox>
            <xmin>137</xmin>
            <ymin>30</ymin>
            <xmax>523</xmax>
            <ymax>439</ymax>
        </bndbox>
    </object>
</annotation>