
<annotation>
    <folder>images</folder>
    <filename>sheep68.png</filename>
    <size>
        <width>450</width>
        <height>263</height>
        <depth>3</depth>
    </size>
    <segmented>0</segmented>
    <object>
        <name>sheep</name>
        <pose>Unspecified</pose>
        <truncated>0</truncated>
        <occluded>0</occluded>
        <difficult>0</difficult>
        <bndbox>
            <xmin>131</xmin>
            <ymin>0</ymin>
            <xmax>450</xmax>
            <ymax>246</ymax>
        </bndbox>
    </object>
</annotation>