
<annotation>
    <folder>images</folder>
    <filename>sheep145.png</filename>
    <size>
        <width>400</width>
        <height>277</height>
        <depth>3</depth>
    </size>
    <segmented>0</segmented>
    <object>
        <name>sheep</name>
        <pose>Unspecified</pose>
        <truncated>0</truncated>
        <occluded>0</occluded>
        <difficult>0</difficult>
        <bndbox>
            <xmin>15</xmin>
            <ymin>27</ymin>
            <xmax>167</xmax>
            <ymax>247</ymax>
        </bndbox>
    </object>
    <object>
        <name>sheep</name>
        <pose>Unspecified</pose>
        <truncated>0</truncated>
        <occluded>0</occluded>
        <difficult>0</difficult>
        <bndbox>
            <xmin>185</xmin>
            <ymin>41</ymin>
            <xmax>301</xmax>
            <ymax>195</ymax>
        </bndbox>
    </object>
    <object>
        <name>sheep</name>
        <pose>Unspecified</pose>
        <truncated>0</truncated>
        <occluded>0</occluded>
        <difficult>0</difficult>
        <bndbox>
            <xmin>183</xmin>
            <ymin>153</ymin>
            <xmax>393</xmax>
            <ymax>273</ymax>
        </bndbox>
    </object>
</annotation>