
<annotation>
    <folder>images</folder>
    <filename>sheep108.png</filename>
    <size>
        <width>263</width>
        <height>192</height>
        <depth>3</depth>
    </size>
    <segmented>0</segmented>
    <object>
        <name>sheep</name>
        <pose>Unspecified</pose>
        <truncated>0</truncated>
        <occluded>0</occluded>
        <difficult>0</difficult>
        <bndbox>
            <xmin>33</xmin>
            <ymin>4</ymin>
            <xmax>230</xmax>
            <ymax>190</ymax>
        </bndbox>
    </object>
</annotation>