
<annotation>
    <folder>images</folder>
    <filename>sheep51.png</filename>
    <size>
        <width>582</width>
        <height>455</height>
        <depth>3</depth>
    </size>
    <segmented>0</segmented>
    <object>
        <name>sheep</name>
        <pose>Unspecified</pose>
        <truncated>0</truncated>
        <occluded>0</occluded>
        <difficult>0</difficult>
        <bndbox>
            <xmin>220</xmin>
            <ymin>30</ymin>
            <xmax>449</xmax>
            <ymax>327</ymax>
        </bndbox>
    </object>
    <object>
        <name>sheep</name>
        <pose>Unspecified</pose>
        <truncated>0</truncated>
        <occluded>0</occluded>
        <difficult>0</difficult>
        <bndbox>
            <xmin>114</xmin>
            <ymin>32</ymin>
            <xmax>281</xmax>
            <ymax>332</ymax>
        </bndbox>
    </object>
</annotation>