
<annotation>
    <folder>images</folder>
    <filename>sheep154.png</filename>
    <size>
        <width>570</width>
        <height>437</height>
        <depth>3</depth>
    </size>
    <segmented>0</segmented>
    <object>
        <name>sheep</name>
        <pose>Unspecified</pose>
        <truncated>0</truncated>
        <occluded>0</occluded>
        <difficult>0</difficult>
        <bndbox>
            <xmin>222</xmin>
            <ymin>34</ymin>
            <xmax>534</xmax>
            <ymax>346</ymax>
        </bndbox>
    </object>
    <object>
        <name>sheep</name>
        <pose>Unspecified</pose>
        <truncated>0</truncated>
        <occluded>0</occluded>
        <difficult>0</difficult>
        <bndbox>
            <xmin>13</xmin>
            <ymin>88</ymin>
            <xmax>329</xmax>
            <ymax>391</ymax>
        </bndbox>
    </object>
</annotation>