
<annotation>
    <folder>images</folder>
    <filename>sheep133.png</filename>
    <size>
        <width>183</width>
        <height>275</height>
        <depth>3</depth>
    </size>
    <segmented>0</segmented>
    <object>
        <name>sheep</name>
        <pose>Unspecified</pose>
        <truncated>0</truncated>
        <occluded>0</occluded>
        <difficult>0</difficult>
        <bndbox>
            <xmin>19</xmin>
            <ymin>29</ymin>
            <xmax>166</xmax>
            <ymax>255</ymax>
        </bndbox>
    </object>
</annotation>