
<annotation>
    <folder>images</folder>
    <filename>sheep76.png</filename>
    <size>
        <width>283</width>
        <height>400</height>
        <depth>3</depth>
    </size>
    <segmented>0</segmented>
    <object>
        <name>sheep</name>
        <pose>Unspecified</pose>
        <truncated>0</truncated>
        <occluded>0</occluded>
        <difficult>0</difficult>
        <bndbox>
            <xmin>42</xmin>
            <ymin>19</ymin>
            <xmax>248</xmax>
            <ymax>348</ymax>
        </bndbox>
    </object>
    <object>
        <name>sheep</name>
        <pose>Unspecified</pose>
        <truncated>0</truncated>
        <occluded>0</occluded>
        <difficult>0</difficult>
        <bndbox>
            <xmin>41</xmin>
            <ymin>215</ymin>
            <xmax>125</xmax>
            <ymax>373</ymax>
        </bndbox>
    </object>
</annotation>