
<annotation>
    <folder>images</folder>
    <filename>sheep160.png</filename>
    <size>
        <width>456</width>
        <height>342</height>
        <depth>3</depth>
    </size>
    <segmented>0</segmented>
    <object>
        <name>sheep</name>
        <pose>Unspecified</pose>
        <truncated>0</truncated>
        <occluded>0</occluded>
        <difficult>0</difficult>
        <bndbox>
            <xmin>73</xmin>
            <ymin>54</ymin>
            <xmax>401</xmax>
            <ymax>304</ymax>
        </bndbox>
    </object>
</annotation>