
<annotation>
    <folder>images</folder>
    <filename>sheep27.png</filename>
    <size>
        <width>400</width>
        <height>288</height>
        <depth>3</depth>
    </size>
    <segmented>0</segmented>
    <object>
        <name>sheep</name>
        <pose>Unspecified</pose>
        <truncated>0</truncated>
        <occluded>0</occluded>
        <difficult>0</difficult>
        <bndbox>
            <xmin>77</xmin>
            <ymin>58</ymin>
            <xmax>379</xmax>
            <ymax>288</ymax>
        </bndbox>
    </object>
</annotation>