
<annotation>
    <folder>images</folder>
    <filename>sheep118.png</filename>
    <size>
        <width>264</width>
        <height>191</height>
        <depth>3</depth>
    </size>
    <segmented>0</segmented>
    <object>
        <name>sheep</name>
        <pose>Unspecified</pose>
        <truncated>0</truncated>
        <occluded>0</occluded>
        <difficult>0</difficult>
        <bndbox>
            <xmin>5</xmin>
            <ymin>17</ymin>
            <xmax>132</xmax>
            <ymax>174</ymax>
        </bndbox>
    </object>
    <object>
        <name>sheep</name>
        <pose>Unspecified</pose>
        <truncated>0</truncated>
        <occluded>0</occluded>
        <difficult>0</difficult>
        <bndbox>
            <xmin>108</xmin>
            <ymin>5</ymin>
            <xmax>253</xmax>
            <ymax>191</ymax>
        </bndbox>
    </object>
</annotation>