
<annotation>
    <folder>images</folder>
    <filename>sheep72.png</filename>
    <size>
        <width>299</width>
        <height>169</height>
        <depth>3</depth>
    </size>
    <segmented>0</segmented>
    <object>
        <name>sheep</name>
        <pose>Unspecified</pose>
        <truncated>0</truncated>
        <occluded>0</occluded>
        <difficult>0</difficult>
        <bndbox>
            <xmin>98</xmin>
            <ymin>4</ymin>
            <xmax>289</xmax>
            <ymax>133</ymax>
        </bndbox>
    </object>
</annotation>