
<annotation>
    <folder>images</folder>
    <filename>sheep62.png</filename>
    <size>
        <width>400</width>
        <height>267</height>
        <depth>3</depth>
    </size>
    <segmented>0</segmented>
    <object>
        <name>sheep</name>
        <pose>Unspecified</pose>
        <truncated>0</truncated>
        <occluded>0</occluded>
        <difficult>0</difficult>
        <bndbox>
            <xmin>247</xmin>
            <ymin>62</ymin>
            <xmax>355</xmax>
            <ymax>222</ymax>
        </bndbox>
    </object>
    <object>
        <name>sheep</name>
        <pose>Unspecified</pose>
        <truncated>0</truncated>
        <occluded>0</occluded>
        <difficult>0</difficult>
        <bndbox>
            <xmin>156</xmin>
            <ymin>122</ymin>
            <xmax>241</xmax>
            <ymax>218</ymax>
        </bndbox>
    </object>
    <object>
        <name>sheep</name>
        <pose>Unspecified</pose>
        <truncated>0</truncated>
        <occluded>0</occluded>
        <difficult>0</difficult>
        <bndbox>
            <xmin>136</xmin>
            <ymin>128</ymin>
            <xmax>222</xmax>
            <ymax>213</ymax>
        </bndbox>
    </object>
</annotation>