
<annotation>
    <folder>images</folder>
    <filename>sheep7.png</filename>
    <size>
        <width>273</width>
        <height>184</height>
        <depth>3</depth>
    </size>
    <segmented>0</segmented>
    <object>
        <name>sheep</name>
        <pose>Unspecified</pose>
        <truncated>0</truncated>
        <occluded>0</occluded>
        <difficult>0</difficult>
        <bndbox>
            <xmin>32</xmin>
            <ymin>54</ymin>
            <xmax>120</xmax>
            <ymax>184</ymax>
        </bndbox>
    </object>
    <object>
        <name>sheep</name>
        <pose>Unspecified</pose>
        <truncated>0</truncated>
        <occluded>0</occluded>
        <difficult>0</difficult>
        <bndbox>
            <xmin>150</xmin>
            <ymin>9</ymin>
            <xmax>265</xmax>
            <ymax>185</ymax>
        </bndbox>
    </object>
</annotation>