
<annotation>
    <folder>images</folder>
    <filename>sheep149.png</filename>
    <size>
        <width>400</width>
        <height>229</height>
        <depth>3</depth>
    </size>
    <segmented>0</segmented>
    <object>
        <name>sheep</name>
        <pose>Unspecified</pose>
        <truncated>0</truncated>
        <occluded>0</occluded>
        <difficult>0</difficult>
        <bndbox>
            <xmin>40</xmin>
            <ymin>35</ymin>
            <xmax>325</xmax>
            <ymax>229</ymax>
        </bndbox>
    </object>
</annotation>