
<annotation>
    <folder>images</folder>
    <filename>sheep92.png</filename>
    <size>
        <width>400</width>
        <height>267</height>
        <depth>3</depth>
    </size>
    <segmented>0</segmented>
    <object>
        <name>sheep</name>
        <pose>Unspecified</pose>
        <truncated>0</truncated>
        <occluded>0</occluded>
        <difficult>0</difficult>
        <bndbox>
            <xmin>28</xmin>
            <ymin>76</ymin>
            <xmax>249</xmax>
            <ymax>261</ymax>
        </bndbox>
    </object>
</annotation>