
<annotation>
    <folder>images</folder>
    <filename>sheep123.png</filename>
    <size>
        <width>238</width>
        <height>212</height>
        <depth>3</depth>
    </size>
    <segmented>0</segmented>
    <object>
        <name>sheep</name>
        <pose>Unspecified</pose>
        <truncated>0</truncated>
        <occluded>0</occluded>
        <difficult>0</difficult>
        <bndbox>
            <xmin>36</xmin>
            <ymin>61</ymin>
            <xmax>119</xmax>
            <ymax>195</ymax>
        </bndbox>
    </object>
</annotation>