
<annotation>
    <folder>images</folder>
    <filename>sheep53.png</filename>
    <size>
        <width>400</width>
        <height>301</height>
        <depth>3</depth>
    </size>
    <segmented>0</segmented>
    <object>
        <name>sheep</name>
        <pose>Unspecified</pose>
        <truncated>0</truncated>
        <occluded>0</occluded>
        <difficult>0</difficult>
        <bndbox>
            <xmin>15</xmin>
            <ymin>3</ymin>
            <xmax>385</xmax>
            <ymax>286</ymax>
        </bndbox>
    </object>
</annotation>