
<annotation>
    <folder>images</folder>
    <filename>sheep70.png</filename>
    <size>
        <width>400</width>
        <height>268</height>
        <depth>3</depth>
    </size>
    <segmented>0</segmented>
    <object>
        <name>sheep</name>
        <pose>Unspecified</pose>
        <truncated>0</truncated>
        <occluded>0</occluded>
        <difficult>0</difficult>
        <bndbox>
            <xmin>64</xmin>
            <ymin>99</ymin>
            <xmax>195</xmax>
            <ymax>256</ymax>
        </bndbox>
    </object>
    <object>
        <name>sheep</name>
        <pose>Unspecified</pose>
        <truncated>0</truncated>
        <occluded>0</occluded>
        <difficult>0</difficult>
        <bndbox>
            <xmin>188</xmin>
            <ymin>19</ymin>
            <xmax>340</xmax>
            <ymax>238</ymax>
        </bndbox>
    </object>
</annotation>