
<annotation>
    <folder>images</folder>
    <filename>sheep21.png</filename>
    <size>
        <width>400</width>
        <height>267</height>
        <depth>3</depth>
    </size>
    <segmented>0</segmented>
    <object>
        <name>sheep</name>
        <pose>Unspecified</pose>
        <truncated>0</truncated>
        <occluded>0</occluded>
        <difficult>0</difficult>
        <bndbox>
            <xmin>31</xmin>
            <ymin>72</ymin>
            <xmax>246</xmax>
            <ymax>238</ymax>
        </bndbox>
    </object>
</annotation>