
<annotation>
    <folder>images</folder>
    <filename>sheep194.png</filename>
    <size>
        <width>269</width>
        <height>187</height>
        <depth>3</depth>
    </size>
    <segmented>0</segmented>
    <object>
        <name>sheep</name>
        <pose>Unspecified</pose>
        <truncated>0</truncated>
        <occluded>0</occluded>
        <difficult>0</difficult>
        <bndbox>
            <xmin>83</xmin>
            <ymin>17</ymin>
            <xmax>186</xmax>
            <ymax>184</ymax>
        </bndbox>
    </object>
</annotation>