
<annotation>
    <folder>images</folder>
    <filename>sheep20.png</filename>
    <size>
        <width>300</width>
        <height>300</height>
        <depth>3</depth>
    </size>
    <segmented>0</segmented>
    <object>
        <name>sheep</name>
        <pose>Unspecified</pose>
        <truncated>0</truncated>
        <occluded>0</occluded>
        <difficult>0</difficult>
        <bndbox>
            <xmin>57</xmin>
            <ymin>107</ymin>
            <xmax>253</xmax>
            <ymax>218</ymax>
        </bndbox>
    </object>
</annotation>