
<annotation>
    <folder>images</folder>
    <filename>sheep23.png</filename>
    <size>
        <width>296</width>
        <height>170</height>
        <depth>3</depth>
    </size>
    <segmented>0</segmented>
    <object>
        <name>sheep</name>
        <pose>Unspecified</pose>
        <truncated>0</truncated>
        <occluded>0</occluded>
        <difficult>0</difficult>
        <bndbox>
            <xmin>55</xmin>
            <ymin>44</ymin>
            <xmax>175</xmax>
            <ymax>153</ymax>
        </bndbox>
    </object>
</annotation>