
<annotation>
    <folder>images</folder>
    <filename>sheep159.png</filename>
    <size>
        <width>284</width>
        <height>177</height>
        <depth>3</depth>
    </size>
    <segmented>0</segmented>
    <object>
        <name>sheep</name>
        <pose>Unspecified</pose>
        <truncated>0</truncated>
        <occluded>0</occluded>
        <difficult>0</difficult>
        <bndbox>
            <xmin>0</xmin>
            <ymin>33</ymin>
            <xmax>127</xmax>
            <ymax>177</ymax>
        </bndbox>
    </object>
    <object>
        <name>sheep</name>
        <pose>Unspecified</pose>
        <truncated>0</truncated>
        <occluded>0</occluded>
        <difficult>0</difficult>
        <bndbox>
            <xmin>75</xmin>
            <ymin>29</ymin>
            <xmax>284</xmax>
            <ymax>177</ymax>
        </bndbox>
    </object>
</annotation>