
<annotation>
    <folder>images</folder>
    <filename>sheep157.png</filename>
    <size>
        <width>586</width>
        <height>396</height>
        <depth>3</depth>
    </size>
    <segmented>0</segmented>
    <object>
        <name>sheep</name>
        <pose>Unspecified</pose>
        <truncated>0</truncated>
        <occluded>0</occluded>
        <difficult>0</difficult>
        <bndbox>
            <xmin>63</xmin>
            <ymin>114</ymin>
            <xmax>259</xmax>
            <ymax>395</ymax>
        </bndbox>
    </object>
    <object>
        <name>sheep</name>
        <pose>Unspecified</pose>
        <truncated>0</truncated>
        <occluded>0</occluded>
        <difficult>0</difficult>
        <bndbox>
            <xmin>318</xmin>
            <ymin>15</ymin>
            <xmax>569</xmax>
            <ymax>391</ymax>
        </bndbox>
    </object>
</annotation>