
<annotation>
    <folder>images</folder>
    <filename>sheep93.png</filename>
    <size>
        <width>400</width>
        <height>268</height>
        <depth>3</depth>
    </size>
    <segmented>0</segmented>
    <object>
        <name>sheep</name>
        <pose>Unspecified</pose>
        <truncated>0</truncated>
        <occluded>0</occluded>
        <difficult>0</difficult>
        <bndbox>
            <xmin>61</xmin>
            <ymin>99</ymin>
            <xmax>193</xmax>
            <ymax>258</ymax>
        </bndbox>
    </object>
    <object>
        <name>sheep</name>
        <pose>Unspecified</pose>
        <truncated>0</truncated>
        <occluded>0</occluded>
        <difficult>0</difficult>
        <bndbox>
            <xmin>189</xmin>
            <ymin>22</ymin>
            <xmax>345</xmax>
            <ymax>247</ymax>
        </bndbox>
    </object>
</annotation>