
<annotation>
    <folder>images</folder>
    <filename>sheep4.png</filename>
    <size>
        <width>496</width>
        <height>331</height>
        <depth>3</depth>
    </size>
    <segmented>0</segmented>
    <object>
        <name>sheep</name>
        <pose>Unspecified</pose>
        <truncated>0</truncated>
        <occluded>0</occluded>
        <difficult>0</difficult>
        <bndbox>
            <xmin>0</xmin>
            <ymin>12</ymin>
            <xmax>426</xmax>
            <ymax>330</ymax>
        </bndbox>
    </object>
</annotation>