
<annotation>
    <folder>images</folder>
    <filename>sheep191.png</filename>
    <size>
        <width>287</width>
        <height>176</height>
        <depth>3</depth>
    </size>
    <segmented>0</segmented>
    <object>
        <name>sheep</name>
        <pose>Unspecified</pose>
        <truncated>0</truncated>
        <occluded>0</occluded>
        <difficult>0</difficult>
        <bndbox>
            <xmin>73</xmin>
            <ymin>37</ymin>
            <xmax>250</xmax>
            <ymax>176</ymax>
        </bndbox>
    </object>
</annotation>