
<annotation>
    <folder>images</folder>
    <filename>sheep201.png</filename>
    <size>
        <width>528</width>
        <height>351</height>
        <depth>3</depth>
    </size>
    <segmented>0</segmented>
    <object>
        <name>sheep</name>
        <pose>Unspecified</pose>
        <truncated>0</truncated>
        <occluded>0</occluded>
        <difficult>0</difficult>
        <bndbox>
            <xmin>27</xmin>
            <ymin>35</ymin>
            <xmax>288</xmax>
            <ymax>335</ymax>
        </bndbox>
    </object>
</annotation>