
<annotation>
    <folder>images</folder>
    <filename>sheep117.png</filename>
    <size>
        <width>480</width>
        <height>274</height>
        <depth>3</depth>
    </size>
    <segmented>0</segmented>
    <object>
        <name>sheep</name>
        <pose>Unspecified</pose>
        <truncated>0</truncated>
        <occluded>0</occluded>
        <difficult>0</difficult>
        <bndbox>
            <xmin>95</xmin>
            <ymin>46</ymin>
            <xmax>146</xmax>
            <ymax>149</ymax>
        </bndbox>
    </object>
    <object>
        <name>sheep</name>
        <pose>Unspecified</pose>
        <truncated>0</truncated>
        <occluded>0</occluded>
        <difficult>0</difficult>
        <bndbox>
            <xmin>169</xmin>
            <ymin>69</ymin>
            <xmax>290</xmax>
            <ymax>274</ymax>
        </bndbox>
    </object>
</annotation>