
<annotation>
    <folder>images</folder>
    <filename>sheep179.png</filename>
    <size>
        <width>400</width>
        <height>226</height>
        <depth>3</depth>
    </size>
    <segmented>0</segmented>
    <object>
        <name>sheep</name>
        <pose>Unspecified</pose>
        <truncated>0</truncated>
        <occluded>0</occluded>
        <difficult>0</difficult>
        <bndbox>
            <xmin>40</xmin>
            <ymin>12</ymin>
            <xmax>336</xmax>
            <ymax>226</ymax>
        </bndbox>
    </object>
    <object>
        <name>sheep</name>
        <pose>Unspecified</pose>
        <truncated>0</truncated>
        <occluded>0</occluded>
        <difficult>0</difficult>
        <bndbox>
            <xmin>188</xmin>
            <ymin>1</ymin>
            <xmax>400</xmax>
            <ymax>155</ymax>
        </bndbox>
    </object>
</annotation>