
<annotation>
    <folder>images</folder>
    <filename>sheep74.png</filename>
    <size>
        <width>470</width>
        <height>370</height>
        <depth>3</depth>
    </size>
    <segmented>0</segmented>
    <object>
        <name>sheep</name>
        <pose>Unspecified</pose>
        <truncated>0</truncated>
        <occluded>0</occluded>
        <difficult>0</difficult>
        <bndbox>
            <xmin>23</xmin>
            <ymin>11</ymin>
            <xmax>457</xmax>
            <ymax>361</ymax>
        </bndbox>
    </object>
</annotation>