
<annotation>
    <folder>images</folder>
    <filename>sheep161.png</filename>
    <size>
        <width>570</width>
        <height>320</height>
        <depth>3</depth>
    </size>
    <segmented>0</segmented>
    <object>
        <name>sheep</name>
        <pose>Unspecified</pose>
        <truncated>0</truncated>
        <occluded>0</occluded>
        <difficult>0</difficult>
        <bndbox>
            <xmin>138</xmin>
            <ymin>12</ymin>
            <xmax>499</xmax>
            <ymax>320</ymax>
        </bndbox>
    </object>
    <object>
        <name>sheep</name>
        <pose>Unspecified</pose>
        <truncated>0</truncated>
        <occluded>0</occluded>
        <difficult>0</difficult>
        <bndbox>
            <xmin>55</xmin>
            <ymin>71</ymin>
            <xmax>168</xmax>
            <ymax>138</ymax>
        </bndbox>
    </object>
</annotation>