
<annotation>
    <folder>images</folder>
    <filename>sheep45.png</filename>
    <size>
        <width>400</width>
        <height>240</height>
        <depth>3</depth>
    </size>
    <segmented>0</segmented>
    <object>
        <name>sheep</name>
        <pose>Unspecified</pose>
        <truncated>0</truncated>
        <occluded>0</occluded>
        <difficult>0</difficult>
        <bndbox>
            <xmin>189</xmin>
            <ymin>18</ymin>
            <xmax>339</xmax>
            <ymax>182</ymax>
        </bndbox>
    </object>
    <object>
        <name>sheep</name>
        <pose>Unspecified</pose>
        <truncated>0</truncated>
        <occluded>0</occluded>
        <difficult>0</difficult>
        <bndbox>
            <xmin>38</xmin>
            <ymin>12</ymin>
            <xmax>202</xmax>
            <ymax>167</ymax>
        </bndbox>
    </object>
</annotation>