
<annotation>
    <folder>images</folder>
    <filename>sheep41.png</filename>
    <size>
        <width>400</width>
        <height>300</height>
        <depth>3</depth>
    </size>
    <segmented>0</segmented>
    <object>
        <name>sheep</name>
        <pose>Unspecified</pose>
        <truncated>0</truncated>
        <occluded>0</occluded>
        <difficult>0</difficult>
        <bndbox>
            <xmin>77</xmin>
            <ymin>54</ymin>
            <xmax>328</xmax>
            <ymax>258</ymax>
        </bndbox>
    </object>
</annotation>