
<annotation>
    <folder>images</folder>
    <filename>sheep15.png</filename>
    <size>
        <width>400</width>
        <height>188</height>
        <depth>3</depth>
    </size>
    <segmented>0</segmented>
    <object>
        <name>sheep</name>
        <pose>Unspecified</pose>
        <truncated>0</truncated>
        <occluded>0</occluded>
        <difficult>0</difficult>
        <bndbox>
            <xmin>37</xmin>
            <ymin>21</ymin>
            <xmax>241</xmax>
            <ymax>187</ymax>
        </bndbox>
    </object>
    <object>
        <name>sheep</name>
        <pose>Unspecified</pose>
        <truncated>0</truncated>
        <occluded>0</occluded>
        <difficult>0</difficult>
        <bndbox>
            <xmin>261</xmin>
            <ymin>77</ymin>
            <xmax>383</xmax>
            <ymax>187</ymax>
        </bndbox>
    </object>
</annotation>