
<annotation>
    <folder>images</folder>
    <filename>sheep59.png</filename>
    <size>
        <width>400</width>
        <height>385</height>
        <depth>3</depth>
    </size>
    <segmented>0</segmented>
    <object>
        <name>sheep</name>
        <pose>Unspecified</pose>
        <truncated>0</truncated>
        <occluded>0</occluded>
        <difficult>0</difficult>
        <bndbox>
            <xmin>8</xmin>
            <ymin>4</ymin>
            <xmax>395</xmax>
            <ymax>381</ymax>
        </bndbox>
    </object>
</annotation>