
<annotation>
    <folder>images</folder>
    <filename>sheep124.png</filename>
    <size>
        <width>273</width>
        <height>185</height>
        <depth>3</depth>
    </size>
    <segmented>0</segmented>
    <object>
        <name>sheep</name>
        <pose>Unspecified</pose>
        <truncated>0</truncated>
        <occluded>0</occluded>
        <difficult>0</difficult>
        <bndbox>
            <xmin>132</xmin>
            <ymin>54</ymin>
            <xmax>232</xmax>
            <ymax>139</ymax>
        </bndbox>
    </object>
    <object>
        <name>sheep</name>
        <pose>Unspecified</pose>
        <truncated>0</truncated>
        <occluded>0</occluded>
        <difficult>0</difficult>
        <bndbox>
            <xmin>43</xmin>
            <ymin>69</ymin>
            <xmax>124</xmax>
            <ymax>135</ymax>
        </bndbox>
    </object>
</annotation>