
<annotation>
    <folder>images</folder>
    <filename>sheep120.png</filename>
    <size>
        <width>299</width>
        <height>168</height>
        <depth>3</depth>
    </size>
    <segmented>0</segmented>
    <object>
        <name>sheep</name>
        <pose>Unspecified</pose>
        <truncated>0</truncated>
        <occluded>0</occluded>
        <difficult>0</difficult>
        <bndbox>
            <xmin>71</xmin>
            <ymin>28</ymin>
            <xmax>275</xmax>
            <ymax>149</ymax>
        </bndbox>
    </object>
</annotation>