
<annotation>
    <folder>images</folder>
    <filename>sheep158.png</filename>
    <size>
        <width>400</width>
        <height>198</height>
        <depth>3</depth>
    </size>
    <segmented>0</segmented>
    <object>
        <name>sheep</name>
        <pose>Unspecified</pose>
        <truncated>0</truncated>
        <occluded>0</occluded>
        <difficult>0</difficult>
        <bndbox>
            <xmin>20</xmin>
            <ymin>6</ymin>
            <xmax>212</xmax>
            <ymax>198</ymax>
        </bndbox>
    </object>
    <object>
        <name>sheep</name>
        <pose>Unspecified</pose>
        <truncated>0</truncated>
        <occluded>0</occluded>
        <difficult>0</difficult>
        <bndbox>
            <xmin>214</xmin>
            <ymin>53</ymin>
            <xmax>247</xmax>
            <ymax>128</ymax>
        </bndbox>
    </object>
</annotation>