
<annotation>
    <folder>images</folder>
    <filename>sheep111.png</filename>
    <size>
        <width>400</width>
        <height>295</height>
        <depth>3</depth>
    </size>
    <segmented>0</segmented>
    <object>
        <name>sheep</name>
        <pose>Unspecified</pose>
        <truncated>0</truncated>
        <occluded>0</occluded>
        <difficult>0</difficult>
        <bndbox>
            <xmin>101</xmin>
            <ymin>62</ymin>
            <xmax>294</xmax>
            <ymax>249</ymax>
        </bndbox>
    </object>
</annotation>