
<annotation>
    <folder>images</folder>
    <filename>sheep47.png</filename>
    <size>
        <width>215</width>
        <height>235</height>
        <depth>3</depth>
    </size>
    <segmented>0</segmented>
    <object>
        <name>sheep</name>
        <pose>Unspecified</pose>
        <truncated>0</truncated>
        <occluded>0</occluded>
        <difficult>0</difficult>
        <bndbox>
            <xmin>27</xmin>
            <ymin>6</ymin>
            <xmax>180</xmax>
            <ymax>232</ymax>
        </bndbox>
    </object>
</annotation>