
<annotation>
    <folder>images</folder>
    <filename>sheep148.png</filename>
    <size>
        <width>400</width>
        <height>269</height>
        <depth>3</depth>
    </size>
    <segmented>0</segmented>
    <object>
        <name>sheep</name>
        <pose>Unspecified</pose>
        <truncated>0</truncated>
        <occluded>0</occluded>
        <difficult>0</difficult>
        <bndbox>
            <xmin>96</xmin>
            <ymin>40</ymin>
            <xmax>206</xmax>
            <ymax>257</ymax>
        </bndbox>
    </object>
    <object>
        <name>sheep</name>
        <pose>Unspecified</pose>
        <truncated>0</truncated>
        <occluded>0</occluded>
        <difficult>0</difficult>
        <bndbox>
            <xmin>188</xmin>
            <ymin>40</ymin>
            <xmax>299</xmax>
            <ymax>257</ymax>
        </bndbox>
    </object>
</annotation>