
<annotation>
    <folder>images</folder>
    <filename>sheep61.png</filename>
    <size>
        <width>400</width>
        <height>352</height>
        <depth>3</depth>
    </size>
    <segmented>0</segmented>
    <object>
        <name>sheep</name>
        <pose>Unspecified</pose>
        <truncated>0</truncated>
        <occluded>0</occluded>
        <difficult>0</difficult>
        <bndbox>
            <xmin>57</xmin>
            <ymin>67</ymin>
            <xmax>336</xmax>
            <ymax>285</ymax>
        </bndbox>
    </object>
</annotation>