
<annotation>
    <folder>images</folder>
    <filename>sheep170.png</filename>
    <size>
        <width>268</width>
        <height>188</height>
        <depth>3</depth>
    </size>
    <segmented>0</segmented>
    <object>
        <name>sheep</name>
        <pose>Unspecified</pose>
        <truncated>0</truncated>
        <occluded>0</occluded>
        <difficult>0</difficult>
        <bndbox>
            <xmin>36</xmin>
            <ymin>11</ymin>
            <xmax>193</xmax>
            <ymax>186</ymax>
        </bndbox>
    </object>
    <object>
        <name>sheep</name>
        <pose>Unspecified</pose>
        <truncated>0</truncated>
        <occluded>0</occluded>
        <difficult>0</difficult>
        <bndbox>
            <xmin>186</xmin>
            <ymin>85</ymin>
            <xmax>235</xmax>
            <ymax>178</ymax>
        </bndbox>
    </object>
</annotation>